<?xml version="1.0" encoding="UTF-8"?>
<project-private xmlns="http://www.netbeans.org/ns/project-private/1">
    <editor-bookmarks xmlns="http://www.netbeans.org/ns/editor-bookmarks/2" lastBookmarkId="0"/>
    <open-files xmlns="http://www.netbeans.org/ns/projectui-open-files/2">
        <group>
            <file>file:/C:/Users/simge/Documents/NetBeansProjects/CMPE331_PROJECT/src/cmpe331_project/Student.java</file>
            <file>file:/C:/Users/simge/Documents/NetBeansProjects/CMPE331_PROJECT/src/cmpe331_project/CMPE331_PROJECT.java</file>
            <file>file:/C:/Users/simge/Documents/NetBeansProjects/CMPE331_PROJECT/src/cmpe331_project/Login_Part.java</file>
            <file>file:/C:/Users/simge/Documents/NetBeansProjects/CMPE331_PROJECT/src/cmpe331_project/MyFunctions.java</file>
        </group>
    </open-files>
</project-private>
